City_ID,City,Lat,Lng,Max Temp,Humidity,Cloudiness,Wind Speed,Country,Date
0,badger,64.8,-147.5333,20.95,61,75,2.06,US,1720759198
1,tonekabon,36.8163,50.8738,27.97,70,0,3.26,IR,1720759198
2,happy valley-goose bay,53.3168,-60.3315,12.17,82,0,1.54,CA,1720759198
3,bredasdorp,-34.5322,20.0403,9.64,83,72,2.44,ZA,1720759198
4,suhut,38.5311,30.5458,22.1,59,0,0.95,TR,1720759198
5,port alfred,-33.5906,26.891,17.13,47,45,4.24,ZA,1720759198
6,taulaga,-11.0553,-171.0883,27.51,80,22,6.22,AS,1720759199
7,kamaishi,39.2667,141.8833,24.22,67,100,3.04,JP,1720759199
8,georgetown,5.4112,100.3354,28.96,74,20,2.06,MY,1720759199
9,invercargill,-46.4,168.35,8.34,77,5,0.74,NZ,1720759199
10,fort bragg,35.139,-79.006,27.32,88,75,1.54,US,1720759199
11,villa gesell,-37.2639,-56.973,2.81,83,2,4.17,AR,1720759199
12,port-aux-francais,-49.35,70.2167,4.42,88,94,11.12,TF,1720758984
13,mossel bay,-34.1831,22.146,11.96,62,100,7.64,ZA,1720759199
14,guerrero negro,27.9769,-114.0611,20.14,84,0,4.81,MX,1720759199
15,balikpapan,-1.2675,116.8289,28.55,84,20,4.12,ID,1720759200
16,edinburgh of the seven seas,-37.0676,-12.3116,8.98,45,21,2.55,SH,1720759200
17,siwa oasis,29.2041,25.5195,29.92,46,0,2.66,EG,1720759200
18,kismayo,-0.3582,42.5454,26.16,78,42,6.97,SO,1720759200
19,isafjordur,66.0755,-23.124,10.16,90,100,6.65,IS,1720759200
20,jamestown,42.097,-79.2353,18.8,97,0,2.06,US,1720759200
21,adamstown,-25.066,-130.1015,22.21,88,100,9.46,PN,1720759200
22,westport,41.1415,-73.3579,23.95,83,0,1.54,US,1720759200
23,hithadhoo,-0.6,73.0833,28.65,75,80,4.48,MV,1720759201
24,huautla de jimenez,18.1315,-96.8409,15.69,99,100,0.98,MX,1720759201
25,longyearbyen,78.2186,15.6401,6.91,93,75,1.54,SJ,1720759201
26,coquimbo,-29.9533,-71.3436,8.32,82,0,3.09,CL,1720759163
27,east london,-33.0153,27.9116,14.52,94,100,2.57,ZA,1720759201
28,brookings,44.3114,-96.7984,20.19,100,0,3.74,US,1720759201
29,puerto ayora,-0.7393,-90.3518,20.24,90,24,3.64,EC,1720759201
30,lashkar gah,31.5938,64.3716,37.18,10,0,7.66,AF,1720759202
31,st. john's,47.5649,-52.7093,14.75,95,100,2.57,CA,1720759202
32,aasiaat,68.7098,-52.8699,0.86,95,25,4.54,GL,1720759202
33,udachny,66.4167,112.4,29.18,24,57,3.05,RU,1720759203
34,puerto natales,-51.7236,-72.4875,3.8,85,91,3.99,CL,1720759203
35,thompson,55.7435,-97.8558,14.09,82,20,2.57,CA,1720759203
36,anadyr,64.75,177.4833,11.28,62,75,7.0,RU,1720759203
37,nikolayevsk-on-amure,53.1406,140.73,14.09,81,99,1.73,RU,1720759203
38,margaret river,-33.95,115.0667,14.96,67,100,2.04,AU,1720759203
39,richards bay,-28.783,32.0377,20.45,16,0,3.55,ZA,1720759203
40,wailua homesteads,22.0669,-159.378,26.44,78,75,8.23,US,1720759204
41,waitangi,-43.9535,-176.5597,8.79,87,40,3.13,NZ,1720759204
42,enewetak,11.3474,162.3373,28.5,80,50,7.59,MH,1720759204
43,tiksi,71.6872,128.8694,13.22,63,42,7.47,RU,1720759204
44,ust-nera,64.5667,143.2,29.27,24,34,1.43,RU,1720759204
45,lihue,21.9789,-159.3672,26.77,76,75,8.23,US,1720759204
46,alofi,-19.0595,-169.9187,21.94,83,20,2.06,NU,1720759204
47,sbikha,35.9333,10.0208,25.98,51,0,1.11,TN,1720759205
48,tolanaro,-25.0319,46.9987,22.04,56,20,9.77,MG,1720759205
49,touros,-5.1989,-35.4608,22.45,94,40,3.76,BR,1720759205
50,punta arenas,-53.15,-70.9167,7.06,81,0,9.26,CL,1720759175
51,troitsko-pechorsk,62.7084,56.1964,12.54,50,61,4.84,RU,1720759205
52,sinan,34.8262,126.1086,27.06,88,24,2.66,KR,1720759205
53,blackmans bay,-43.0167,147.3167,12.63,66,1,1.34,AU,1720759205
54,acapulco de juarez,16.8634,-99.8901,27.9,83,40,0.0,MX,1720759035
55,ilulissat,69.2167,-51.1,3.01,100,18,2.06,GL,1720759205
56,saipan,15.1355,145.701,32.39,70,20,6.69,MP,1720759206
57,west island,-12.1568,96.8225,29.99,79,4,6.69,CC,1720759206
58,chonchi,-42.6128,-73.8092,2.84,93,0,1.15,CL,1720759206
59,stanley,54.868,-1.6985,10.71,89,20,2.57,GB,1720759206
60,college,64.8569,-147.8028,20.99,58,75,2.06,US,1720759206
61,ravar,31.2656,56.8055,31.77,16,3,3.47,IR,1720759206
62,ushuaia,-54.8,-68.3,8.81,66,40,7.72,AR,1720759206
63,as saffaniyah,27.9708,48.73,41.21,18,37,4.95,SA,1720759206
64,avarua,-21.2078,-159.775,22.03,73,97,1.54,CK,1720758931
65,iqaluit,63.7506,-68.5145,2.85,93,100,3.6,CA,1720759207
66,brzozow,49.695,22.0193,21.03,83,19,0.93,PL,1720759207
67,kilimatinde,-5.85,34.95,16.3,67,44,1.15,TZ,1720759207
68,sibay,52.7181,58.6658,16.02,98,100,4.96,RU,1720759207
69,lossiemouth,57.7214,-3.2834,11.22,89,75,3.09,GB,1720759207
70,broome,42.2506,-75.833,20.39,97,75,0.0,US,1720759207
71,nouadhibou,20.931,-17.0347,18.52,95,55,6.79,MR,1720759207
72,bilibino,68.0546,166.4372,18.4,32,3,5.08,RU,1720759207
73,alpine,32.835,-116.7664,19.64,78,0,2.57,US,1720759208
74,korsakov,46.6328,142.7813,15.91,99,100,4.74,RU,1720759208
75,kolonia,50.9333,6.95,18.03,80,0,0.51,DE,1720759208
76,grytviken,-54.2811,-36.5092,-9.14,82,76,6.14,GS,1720759208
77,san mariano,7.5,126.0,28.64,76,79,1.94,PH,1720759208
78,eyl,7.9803,49.8164,28.65,48,30,13.36,SO,1720759208
79,kristiansund,63.1115,7.732,14.03,89,75,2.06,NO,1720759208
80,weno,7.4515,151.8468,28.97,89,100,0.0,FM,1720759208
81,ancud,-41.8697,-73.8203,4.86,88,0,2.47,CL,1720759209
82,namtsy,62.7161,129.6658,25.71,44,71,2.44,RU,1720759209
83,karasburg,-28.0167,18.75,7.02,86,41,3.37,NA,1720759209
84,narasimharajapura,13.6167,75.5167,24.38,82,100,3.96,IN,1720759209
85,albany,42.6001,-73.9662,23.25,87,28,1.82,US,1720759209
86,sola,-13.8833,167.55,26.04,84,82,9.36,VU,1720759209
87,surgut,61.25,73.4167,26.1,50,20,3.0,RU,1720759209
88,balkanabat,39.5108,54.3671,31.58,41,3,2.54,TM,1720759209
89,iquique,-20.2208,-70.1431,14.02,73,40,0.99,CL,1720759209
90,egilsstadir,65.2653,-14.3948,13.95,58,20,1.03,IS,1720759210
91,saldanha,-33.0117,17.9442,13.03,80,100,10.51,ZA,1720759210
92,mancio lima,-7.6142,-72.8958,21.95,79,28,0.51,BR,1720759210
93,solleftea,63.1667,17.2667,12.92,85,96,2.0,SE,1720759210
94,jinka,5.65,36.65,19.81,67,86,1.4,ET,1720759210
95,freetown,8.484,-13.2299,24.51,87,77,1.87,SL,1720759210
96,malango,-2.9627,119.9001,25.56,63,40,2.19,ID,1720759210
97,bethel,41.3712,-73.414,22.89,85,0,0.0,US,1720759210
98,pitanga,-24.7572,-51.7614,11.67,99,100,0.8,BR,1720759211
99,ribeira grande,38.5167,-28.7,21.54,97,99,7.6,PT,1720759211
100,rodolfo sanchez taboada,31.7167,-116.5667,20.06,78,47,0.89,MX,1720759211
101,mount isa,-20.7333,139.5,27.87,20,0,5.14,AU,1720759211
102,lata,40.1629,-8.3327,17.82,97,50,1.23,PT,1720759211
103,port saint john's,-31.6229,29.5448,18.74,22,100,2.43,ZA,1720759211
104,port elizabeth,-33.918,25.5701,13.16,97,0,1.54,ZA,1720759211
105,magadan,59.5667,150.8,17.67,65,7,3.51,RU,1720759211
106,saint-francois,46.4154,3.9054,18.69,95,100,1.54,FR,1720759212
107,guangming,45.3333,122.7833,27.18,43,91,7.13,CN,1720759212
108,whitehorse,60.7161,-135.0538,18.43,32,20,5.14,CA,1720759212
109,honmachi,32.5,130.6,27.22,84,100,2.51,JP,1720759212
110,tura,25.5198,90.2201,26.45,94,100,2.56,IN,1720759212
111,christchurch,-43.5333,172.6333,7.19,80,100,1.54,NZ,1720759210
112,pizarro,4.9533,-77.366,24.34,89,92,1.52,CO,1720759212
113,kuqa,41.7278,82.9364,27.07,36,2,4.85,CN,1720759212
114,quellon,-43.1167,-73.6167,4.96,89,2,1.97,CL,1720759213
115,onega,63.9061,38.1404,18.13,56,100,4.39,RU,1720759213
116,savalou,7.9281,1.9756,22.47,96,100,2.32,BJ,1720759213
117,susuman,62.7833,148.1667,26.16,25,79,1.25,RU,1720759213
118,yellowknife,62.456,-114.3525,17.45,52,75,4.63,CA,1720759213
119,adler,43.43,39.92,25.09,61,78,5.0,RU,1720759213
120,puerto rosario,-24.45,-57.0833,6.38,97,52,2.22,PY,1720759213
121,olonkinbyen,70.9221,-8.7187,1.75,91,100,10.68,SJ,1720759214
122,vertientes,21.2594,-78.1464,26.34,96,48,3.7,CU,1720759214
123,new norfolk,-42.7826,147.0587,13.29,51,0,2.13,AU,1720759214
124,newman,37.3138,-121.0208,35.13,53,0,1.34,US,1720759214
125,hawaiian paradise park,19.5933,-154.9731,26.73,80,100,4.63,US,1720759214
126,black point,-34.6187,137.8972,14.68,70,0,6.39,AU,1720759214
127,pangody,65.85,74.4859,22.47,58,58,6.62,RU,1720759214
128,vorgashor,67.5833,63.95,9.57,65,100,3.86,RU,1720759214
129,otra banda,18.6502,-68.6628,25.36,92,45,0.88,DO,1720759215
130,swakopmund,-22.6833,14.5333,11.1,88,0,2.58,NA,1720759215
131,lerwick,60.1545,-1.1494,9.0,90,27,2.67,GB,1720759215
132,lhasa,29.65,91.1,21.6,45,67,4.0,CN,1720759215
133,port mathurin,-19.6833,63.4167,22.81,76,9,13.05,MU,1720759215
134,akureyri,65.6835,-18.0878,14.96,63,20,7.2,IS,1720759215
135,tazovsky,67.4667,78.7,15.54,88,96,4.43,RU,1720759215
136,port blair,11.6667,92.75,29.57,75,100,8.92,IN,1720759215
137,cidreira,-30.1811,-50.2056,11.24,94,100,4.23,BR,1720759216
138,mount pearl,47.5166,-52.7813,14.29,96,100,2.57,CA,1720759216
139,lebu,-37.6167,-73.65,5.99,75,0,2.0,CL,1720759216
140,kolondieba,11.0882,-6.8926,22.32,93,100,2.23,ML,1720759216
141,iskateley,67.6803,53.1512,10.68,72,99,3.71,RU,1720759216
142,olinda,-8.0089,-34.8553,25.85,83,75,4.63,BR,1720759216
143,barpeta road,26.5028,90.9694,24.19,98,100,1.22,IN,1720759216
144,tlaltenango de sanchez roman,21.7833,-103.3167,19.07,83,97,1.6,MX,1720759216
145,papatowai,-46.5619,169.4708,7.08,87,0,2.86,NZ,1720759216
146,arraial do cabo,-22.9661,-42.0278,21.84,93,100,3.84,BR,1720759217
147,gaigeturi,33.4644,126.3183,24.03,83,75,2.06,KR,1720759217
148,acarau,-2.8856,-40.12,23.77,90,37,5.68,BR,1720759217
149,guillermo zuniga,24.0167,-99.2,26.81,84,96,1.76,MX,1720759217
150,padang,-0.9492,100.3543,31.03,69,90,2.45,ID,1720759217
151,midvagur,62.0511,-7.1939,10.46,100,100,5.66,FO,1720759217
152,buala,-8.145,159.5921,27.72,79,67,0.22,SB,1720759217
153,grand-lahou,5.1367,-5.0242,23.92,91,98,4.4,CI,1720759217
154,rongelap,11.1635,166.8941,28.53,78,71,7.47,MH,1720759218
155,nadym,65.5333,72.5167,20.67,63,12,8.69,RU,1720759218
156,victorica,-36.2151,-65.4359,2.41,67,3,0.63,AR,1720759218
157,tsiombe,-25.3,45.4833,17.08,53,0,2.3,MG,1720759218
158,beledweyne,4.7358,45.2036,26.04,60,100,8.91,SO,1720759218
159,asaita,11.5636,41.4394,34.93,32,96,4.16,ET,1720759218
160,motygino,58.1831,94.7592,22.05,49,100,3.01,RU,1720759218
161,san patricio,28.017,-97.5169,28.27,82,9,2.95,US,1720759218
162,chernyshevskiy,63.0128,112.4714,28.36,32,58,3.57,RU,1720759218
163,pahlgam,34.0333,75.3333,18.52,47,0,3.34,IN,1720759219
164,yanam,16.7333,82.2167,29.88,73,100,2.8,IN,1720759219
165,kupang,-10.1667,123.5833,33.32,19,55,12.35,ID,1720759219
166,qaqortoq,60.7167,-46.0333,2.54,95,60,0.62,GL,1720759219
167,carnarvon,-24.8667,113.6333,20.81,35,43,5.54,AU,1720759219
168,luderitz,-26.6481,15.1594,14.72,84,100,2.63,NA,1720759219
169,olyokminsk,60.3736,120.4264,32.92,21,13,0.29,RU,1720759219
170,karratha,-20.7377,116.8463,26.78,36,0,7.97,AU,1720759219
171,colonia,50.9333,6.95,17.94,81,0,0.51,DE,1720759220
172,maindargi,17.4667,76.3,28.85,64,100,8.52,IN,1720759220
173,lamarque,-39.423,-65.7021,3.65,64,0,4.7,AR,1720759220
174,mesyagutovo,55.5303,58.2528,15.12,98,100,5.31,RU,1720759220
175,lagos,6.5833,3.75,25.18,96,100,1.51,NG,1720759220
176,suva,-18.1416,178.4415,24.71,69,75,6.17,FJ,1720759220
177,hasaki,35.7333,140.8333,25.22,96,100,3.92,JP,1720759220
178,flying fish cove,-10.4217,105.6791,27.82,69,40,6.69,CX,1720759220
179,pijijiapan,15.7011,-93.23,24.59,93,100,1.98,MX,1720759220
180,puerto baquerizo moreno,-0.9,-89.6,20.3,89,53,5.4,EC,1720759221
181,vorkuta,67.5,64.0,9.72,65,100,4.0,RU,1720759221
182,san luis de la loma,17.2706,-100.8939,25.64,83,94,2.33,MX,1720759221
183,klyuchi,52.2667,79.1667,28.64,41,8,2.06,RU,1720759221
184,rio grande,-32.035,-52.0986,7.75,75,100,6.28,BR,1720759221
185,atafu village,-8.5421,-172.5159,28.35,74,71,4.14,TK,1720759221
186,hami,42.8,93.45,32.95,15,60,5.46,CN,1720759221
187,esmeraldas,-19.7625,-44.3139,19.48,71,41,2.14,BR,1720759221
188,afaahiti,-17.75,-149.2833,24.93,90,90,5.24,PF,1720759222
189,gorodets,56.6514,43.475,17.96,63,100,1.71,RU,1720759222
190,kirensk,57.7853,108.1119,33.82,39,14,1.14,RU,1720759222
191,ploneour-lanvern,47.9,-4.2833,13.18,94,100,3.09,FR,1720759222
192,kitimat,54.0524,-128.6534,18.21,73,68,1.34,CA,1720759222
193,constantia,44.1833,28.65,28.17,48,1,4.55,RO,1720759222
194,lisala,2.15,21.5167,21.69,97,100,1.0,CD,1720759222
195,lida,53.8833,25.2997,19.71,95,100,1.72,BY,1720759222
196,champerico,14.3,-91.9167,26.92,79,100,3.22,GT,1720759223
197,belmonte,-15.8631,-38.8828,21.84,76,0,1.8,BR,1720759223
198,kerikeri,-35.2268,173.9474,13.28,67,0,1.34,NZ,1720759223
199,cherokee,34.2668,-84.4499,22.94,85,40,0.0,US,1720759223
200,alesund,62.4723,6.1549,15.18,88,75,3.6,NO,1720759223
201,kailua-kona,19.6406,-155.9956,27.98,83,75,3.09,US,1720758968
202,nova sintra,14.8667,-24.7167,23.68,81,35,2.73,CV,1720759223
203,mirnyy,62.5353,113.9611,29.16,28,8,3.81,RU,1720759223
204,antsiranana,-12.2787,49.2917,22.42,64,20,8.23,MG,1720759223
205,sitka,57.0531,-135.33,12.94,88,100,3.6,US,1720759224
206,petropavlovsk-kamchatsky,53.0452,158.6483,14.33,72,75,6.0,RU,1720759224
207,douglas,41.3,-96.167,22.48,82,0,2.06,US,1720759224
208,minas de marcona,-15.2119,-75.1103,8.95,89,91,6.98,PE,1720759224
209,pandan,14.0453,124.1694,30.02,72,38,2.77,PH,1720759224
210,sechura,-5.5569,-80.8222,17.84,83,40,5.38,PE,1720759224
211,ponta delgada,37.7333,-25.6667,20.4,88,40,2.06,PT,1720759224
212,nabire,-3.3667,135.4833,28.64,67,100,1.83,ID,1720759224
213,carolina,18.3808,-65.9574,28.75,86,20,3.09,PR,1720759224
214,kapuskasing,49.4169,-82.4331,17.0,77,20,1.54,CA,1720759225
215,grand falls-windsor,48.9332,-55.6649,9.11,98,89,1.58,CA,1720759225
216,tahe,52.3333,124.7333,27.99,30,35,2.56,CN,1720759225
217,hermanus,-34.4187,19.2345,12.83,78,78,10.81,ZA,1720759225
218,tarawa,1.419,172.984,27.05,94,100,1.03,KI,1720759225
219,verdal,63.7933,11.4817,14.02,91,92,1.41,NO,1720759225
220,codrington,-38.2667,141.9667,14.92,60,13,5.92,AU,1720759225
221,ribeira brava,32.65,-17.0667,22.62,86,0,1.43,PT,1720759225
222,buchanan,5.8808,-10.0467,24.28,87,98,3.57,LR,1720759226
223,geraldton,-28.7667,114.6,17.23,63,87,5.66,AU,1720759226
224,gwadar,25.1216,62.3254,29.41,79,100,5.2,PK,1720759226
225,utrik,11.2278,169.8474,27.95,81,88,7.4,MH,1720759226
226,maloye ganyushkino,46.6,49.2667,30.15,36,0,7.6,KZ,1720759226
227,malmberget,67.1753,20.6549,13.31,88,75,2.57,SE,1720759226
228,izhmorskiy,56.194,86.6414,21.45,54,3,1.96,RU,1720759226
229,puerto rico,-26.796,-55.024,4.93,99,22,1.05,AR,1720759226
230,sandnessjoen,66.0217,12.6316,13.29,94,75,3.6,NO,1720759226
231,el granada,37.5027,-122.4694,23.98,80,20,7.2,US,1720759227
232,la'ie,21.6477,-157.9253,26.98,88,24,4.02,US,1720759227
233,luganville,-15.5333,167.1667,26.88,75,35,2.26,VU,1720759227
234,palmer,42.1584,-72.3287,23.29,74,0,1.94,US,1720759227
235,cozumel,20.5083,-86.9458,26.08,94,4,2.49,MX,1720759227
236,milici,44.1711,19.0903,18.65,66,4,1.43,BA,1720759227
237,broken hill,-31.95,141.4333,13.59,46,0,6.14,AU,1720759227
238,gadzhiyevo,69.2551,33.3362,12.82,88,100,3.61,RU,1720759227
239,mishkino,55.3389,63.9175,22.36,68,87,1.96,RU,1720759228
240,tazacorte,28.629,-17.9293,21.54,78,0,7.72,ES,1720759228
241,bourbon-lancy,46.6221,3.7695,18.83,96,47,2.83,FR,1720759228
242,jala,21.0833,-104.4333,20.49,96,100,0.93,MX,1720759228
243,sao luiz gonzaga,-28.4083,-54.9608,4.6,92,16,1.97,BR,1720759228
244,lethem,3.3803,-59.7968,23.74,91,100,1.87,GY,1720759228
245,taltal,-25.4,-70.4833,11.21,70,0,0.61,CL,1720759228
246,kununurra,-15.7667,128.7333,31.99,22,60,3.09,AU,1720759228
247,saint-pierre,-21.3393,55.4781,23.09,60,20,3.09,RE,1720759229
248,berdigestyakh,62.0989,126.6992,25.04,46,70,1.67,RU,1720759229
249,luanco,43.6152,-5.7934,18.59,85,89,2.24,ES,1720759229
250,kajiado,-1.8524,36.7768,13.93,71,17,1.51,KE,1720759229
251,mount gambier,-37.8333,140.7667,13.33,77,21,4.83,AU,1720759229
252,trinidad,-14.8333,-64.9,15.78,69,0,3.57,BO,1720759229
253,alice springs,-23.7,133.8833,17.75,42,100,6.69,AU,1720759120
254,taro,-8.3862,115.28,25.0,46,51,2.57,ID,1720759229
255,yumbe,3.4651,31.2469,19.63,89,18,0.44,UG,1720759229
256,cole harbour,44.6724,-63.4751,18.79,96,100,8.75,CA,1720759230
257,port lincoln,-34.7333,135.8667,15.57,66,5,5.45,AU,1720759230
258,callao,-12.0667,-77.15,16.34,88,100,5.14,PE,1720759230
259,dudinka,69.4058,86.1778,22.82,54,55,0.56,RU,1720759230
260,andergrove,-21.0833,149.1833,27.58,69,0,4.92,AU,1720759230
261,la ronge,55.1001,-105.2842,23.14,64,100,2.57,CA,1720759230
262,barika,35.389,5.3658,28.67,33,0,2.18,DZ,1720759230
263,santarem,-2.4431,-54.7083,24.07,94,0,0.51,BR,1720759231
264,sao gabriel da cachoeira,-0.1303,-67.0892,22.28,99,100,1.22,BR,1720759231
265,lyantor,61.6195,72.1555,24.69,51,52,1.99,RU,1720759231
266,anaconda,46.1285,-112.9423,25.55,33,2,2.66,US,1720758997
267,agua dulce,18.1333,-94.1333,26.21,88,92,3.59,MX,1720759231
268,khammam,17.25,80.15,31.85,59,100,4.81,IN,1720759231
269,silifke,36.3778,33.9344,30.14,63,0,3.09,TR,1720759231
270,ilhabela,-23.7781,-45.3581,20.04,93,87,1.11,BR,1720759231
271,keflavik,64.0049,-22.5624,11.95,100,100,11.32,IS,1720759231
272,kavaratti,10.5669,72.642,27.7,84,100,8.1,IN,1720759232
273,khandyga,62.6667,135.6,28.11,40,78,1.46,RU,1720759232
274,greymouth,-42.4667,171.2,7.02,77,0,0.7,NZ,1720759232
275,carutapera,-1.195,-46.02,24.98,85,28,2.84,BR,1720759232
276,novyy urengoy,66.0833,76.6333,21.04,68,69,5.91,RU,1720759232
277,arkhangel'sk,64.5401,40.5433,17.06,72,40,3.0,RU,1720759232
278,mil'kovo,55.6078,37.7956,21.22,55,16,2.3,RU,1720759232
279,saudarkrokur,65.7461,-19.6394,12.3,79,82,9.75,IS,1720759232
280,as sulayyil,20.4607,45.5779,33.14,14,82,2.3,SA,1720759233
281,yass,-34.8333,148.9167,11.01,83,98,5.67,AU,1720759233
282,mana,5.6592,-53.7767,25.26,90,66,4.14,GF,1720759233
283,mhamid,29.82,-5.72,31.83,11,1,1.16,MA,1720759233
284,mahwah,27.05,76.9333,35.99,50,37,6.59,IN,1720759233
285,banda aceh,5.5577,95.3222,30.83,59,99,7.92,ID,1720759233
286,tortoli,39.9256,9.6572,24.9,88,0,1.03,IT,1720759233
287,tizimin,21.15,-88.15,22.08,92,100,2.09,MX,1720759233
288,isla vista,34.4133,-119.861,22.78,62,56,1.11,US,1720759234
289,hemsby,52.6971,1.6918,13.56,91,100,6.03,GB,1720759234
290,tralee,52.2704,-9.7026,11.25,90,96,1.49,IE,1720759234
291,guarapari,-20.6667,-40.4975,23.27,93,0,4.16,BR,1720759234
292,hilo,19.7297,-155.09,25.69,90,5,0.89,US,1720759234
293,gao,16.6362,1.637,30.46,47,62,7.71,ML,1720759234
294,huescar,37.811,-2.5412,23.48,47,0,1.29,ES,1720759234
295,talnakh,69.4865,88.3972,23.59,52,12,1.1,RU,1720759235
296,svetlyy,54.675,20.1347,19.03,87,6,2.15,RU,1720759235
297,cancun,21.1743,-86.8466,26.96,94,20,0.0,MX,1720758963
298,sisimiut,66.9395,-53.6735,5.44,86,9,2.58,GL,1720759235
299,tovarkovskiy,53.6822,38.2092,19.33,65,7,2.48,RU,1720759235
300,xinyuan,37.3,99.0,13.6,74,100,4.15,CN,1720759235
301,letlhakane,-21.4167,25.5833,10.31,21,0,2.19,BW,1720759235
302,olhao,37.0286,-7.8411,21.94,67,0,2.06,PT,1720759236
303,colonia menno,-22.3667,-59.8167,9.81,77,100,2.29,PY,1720759236
304,ferkessedougou,9.6,-5.2,22.2,96,100,2.43,CI,1720759236
305,kapa'a,22.0752,-159.319,27.18,76,75,8.23,US,1720759236
306,tobruk,32.0836,23.9764,26.5,73,0,3.98,LY,1720759236
307,maine soroa,13.2114,12.0241,28.24,55,65,3.55,NE,1720759236
308,san antonio de pale,-1.4014,5.6325,22.32,83,98,4.51,GQ,1720759236
309,bandiagara,14.3501,-3.6104,26.53,63,97,3.46,ML,1720759236
310,leh,34.1667,77.5833,14.06,37,26,3.14,IN,1720759237
311,zaozersk,69.4005,32.4476,12.9,90,100,3.0,RU,1720759237
312,spirit lake,43.4222,-95.1022,21.18,88,0,3.11,US,1720759237
313,apiai,-24.5094,-48.8425,13.93,100,100,0.92,BR,1720759237
314,kashgar,39.4547,75.9797,26.56,27,0,3.0,CN,1720759237
315,dunedin,-45.8742,170.5036,6.56,82,3,2.68,NZ,1720759237
316,garissa,-0.4536,39.6401,25.2,65,100,6.6,KE,1720759237
317,katsuren-haebaru,26.3369,127.8719,33.01,75,75,8.23,JP,1720759237
318,krasnyy chikoy,50.3643,108.7512,29.8,43,94,0.52,RU,1720759237
319,yeppoon,-23.1333,150.7333,25.7,49,0,2.3,AU,1720759238
320,guatrache,-37.6678,-63.5302,1.98,68,3,1.3,AR,1720759238
321,gbarnga,6.9956,-9.4722,21.64,99,100,0.84,LR,1720759238
322,bay roberts,47.5999,-53.2648,14.95,96,100,1.34,CA,1720759238
323,ola,59.5833,151.2833,17.38,66,13,4.92,RU,1720759238
324,alvaraes,-3.2208,-64.8042,22.5,99,78,0.71,BR,1720759238
325,cheyenne,41.14,-104.8203,22.09,35,0,2.24,US,1720759239
326,springs,-26.25,28.4,8.15,11,0,2.54,ZA,1720759239
327,les cayes,18.2,-73.75,26.79,83,92,1.66,HT,1720759239
328,jayapura,-2.5333,140.7,28.66,73,100,2.23,ID,1720759239
329,bel ombre,-4.6167,55.4167,26.91,78,40,7.72,SC,1720759239
330,tabas,33.5959,56.9244,35.31,13,24,0.81,IR,1720759239
331,portage la prairie,49.9728,-98.2926,24.5,54,8,3.56,CA,1720759239
332,kingston,17.997,-76.7936,28.53,84,20,3.6,JM,1720759112
333,langsa,4.4683,97.9683,30.55,69,99,1.13,ID,1720759239
334,joshimath,30.5667,79.5667,22.94,65,31,3.05,IN,1720759239
335,clorinda,-25.2848,-57.7185,8.12,83,0,2.4,AR,1720759240
336,lagunas,-5.2269,-75.6753,24.96,77,100,0.43,PE,1720759240
337,sabang,5.8933,95.3214,28.52,76,97,10.78,ID,1720759240
338,badr hunayn,23.7829,38.7905,38.89,11,31,0.75,SA,1720759240
339,hotan,37.0997,79.9269,29.08,25,83,3.0,CN,1720759240
340,shitanjing,39.2342,106.3439,30.78,22,95,4.1,CN,1720759240
341,uige,-7.6087,15.0613,14.64,60,91,0.97,AO,1720759240
342,bamboo flat,11.7,92.7167,29.26,74,98,8.76,IN,1720759241
343,yazman,29.1212,71.7446,38.52,34,4,9.43,PK,1720759241
344,bonthe,7.5264,-12.505,24.06,92,87,1.9,SL,1720759241
345,bengkulu,-3.8004,102.2655,28.82,66,24,3.49,ID,1720759241
346,charleville-mezieres,49.7667,4.7167,14.53,97,100,1.42,FR,1720759241
347,conception bay south,47.4999,-52.9981,14.62,97,100,2.52,CA,1720759241
348,gunnison,38.7,-107.0673,12.73,50,11,1.05,US,1720759241
349,katsuura,35.1333,140.3,24.01,94,100,5.68,JP,1720759241
350,al ghayzah,16.2079,52.176,29.01,78,100,0.67,YE,1720759242
351,cochrane,51.1834,-114.4687,21.15,80,0,3.6,CA,1720759032
352,lagunillas,10.1301,-71.2595,26.4,82,83,0.52,VE,1720759242
353,amahai,-3.3333,128.9167,26.08,76,97,5.68,ID,1720759242
354,ingeniero jacobacci,-41.3427,-69.5448,-1.0,71,0,1.41,AR,1720759242
355,oued lill,36.8341,10.0406,25.07,51,0,1.03,TN,1720759242
356,pionerskiy,54.9508,20.2275,18.91,87,2,2.85,RU,1720759242
357,charters towers,-20.1,146.2667,25.86,37,8,1.92,AU,1720759242
358,fada,7.25,4.0667,22.46,98,99,1.04,NG,1720759243
359,taoudenni,22.6783,-3.9836,35.12,10,47,3.67,ML,1720759243
360,ginir,7.1333,40.7,17.58,71,53,1.72,ET,1720759243
361,gumdag,39.2061,54.5906,31.36,43,3,3.2,TM,1720759243
362,hadibu,12.65,54.0333,26.68,79,100,12.02,YE,1720759243
363,balamban,10.4667,123.7833,26.25,77,98,0.98,PH,1720759243
364,timbuktu,16.7735,-3.0074,29.85,48,91,6.79,ML,1720759243
365,vila velha,-20.3297,-40.2925,23.97,90,75,1.54,BR,1720759243
366,hamilton,39.1834,-84.5333,22.1,93,100,3.09,US,1720759243
367,skjern,55.95,8.5,15.01,88,100,4.63,DK,1720759244
368,baotou,40.6522,109.8222,29.82,35,4,1.02,CN,1720759244
369,ta`u,-14.2336,-169.5144,25.98,76,94,9.28,AS,1720759244
370,pisco,-13.7,-76.2167,13.9,88,74,1.54,PE,1720759244
371,dampit,-8.2116,112.7493,27.88,53,33,4.07,ID,1720759244
372,misratah,32.3754,15.0925,26.56,72,0,1.87,LY,1720759244
373,kyzyl-mazhalyk,51.1333,90.6,22.71,37,5,1.09,RU,1720759244
374,baturaja,-4.1333,104.1667,31.52,55,41,1.48,ID,1720759244
375,darhan,49.4867,105.9228,25.29,62,80,4.08,MN,1720759245
376,rabo de peixe,37.8,-25.5833,19.73,99,40,2.06,PT,1720759245
377,lazaro cardenas,17.9583,-102.2,24.6,82,100,1.9,MX,1720759245
378,sao vicente,-23.9631,-46.3919,20.15,97,100,2.02,BR,1720759245
379,trairi,-3.2778,-39.2689,23.68,87,35,4.17,BR,1720759245
380,la passe,45.5549,-0.8967,18.13,90,100,5.84,FR,1720759245
381,east ballina,-28.8667,153.5833,23.22,58,65,2.02,AU,1720759246
382,luanda,-8.8368,13.2343,22.0,83,100,1.03,AO,1720759246
383,salaga,8.5508,-0.5188,22.81,96,100,2.42,GH,1720759246
384,georgievka,49.3314,81.5761,27.03,34,0,4.51,KZ,1720759246
385,parintins,-2.6283,-56.7358,24.02,76,99,1.04,BR,1720759246
386,maqat,47.65,53.3167,26.71,45,17,9.54,KZ,1720759246
387,kassala,15.451,36.4,27.02,69,87,4.83,SD,1720759246
388,shingu,33.7333,135.9833,28.9,68,100,3.06,JP,1720759246
389,vilyuchinsk,52.9306,158.4028,15.15,82,100,0.49,RU,1720759247
390,tinogasta,-28.0632,-67.5649,-1.15,70,0,0.65,AR,1720759247
391,rio verde,21.9333,-99.9833,20.38,77,100,1.54,MX,1720759247
392,bilaspur,22.0833,82.15,30.37,64,99,1.99,IN,1720759247
393,negombo,7.2083,79.8358,30.03,84,75,4.63,LK,1720759247
394,ryotsu-minato,38.0833,138.4333,23.97,73,100,1.88,JP,1720759247
395,horodok,49.1637,26.5839,21.17,62,4,1.54,UA,1720759247
396,uturoa,-16.7333,-151.4333,25.56,81,87,7.43,PF,1720759247
397,ulsteinvik,62.3432,5.8487,15.17,89,91,4.47,NO,1720759248
398,urengoy,65.9667,78.3667,21.67,66,65,4.67,RU,1720759248
399,crane,31.3974,-102.3501,28.99,39,8,6.75,US,1720759248
400,shihezi,44.3,86.0333,31.26,24,3,1.6,CN,1720759248
401,lithgow,-33.4833,150.15,9.25,37,98,2.79,AU,1720759248
402,manadhoo,5.7667,73.3833,28.56,75,72,5.89,MV,1720759248
403,gobabis,-22.45,18.9667,8.24,13,0,4.58,NA,1720759248
404,lautoka,-17.6167,177.4667,25.92,57,75,4.12,FJ,1720759248
405,dukhan,25.4297,50.7858,35.13,47,85,3.59,QA,1720759249
406,al kharijah,25.4514,30.5464,33.76,17,3,4.49,EG,1720759249
407,skuodas,56.2667,21.5333,18.92,86,22,2.3,LT,1720759249
408,kenai,60.5544,-151.2583,16.75,61,75,3.09,US,1720759249
409,port loko,8.7667,-12.7833,22.61,97,80,1.31,SL,1720759249
410,sassandra,4.95,-6.0833,23.34,93,100,3.05,CI,1720759249
411,rantepao,-2.9701,119.8978,25.56,63,40,2.19,ID,1720759249
412,aykhal,66.0,111.5,27.58,27,77,3.93,RU,1720759249
413,ngama,11.7833,17.1667,24.99,75,100,4.11,TD,1720759250
414,mareeba,-17.0,145.4333,23.05,46,19,1.63,AU,1720759250
415,tadmur,34.5608,38.2805,29.4,37,0,5.09,SY,1720759250
416,auki,-8.7676,160.7034,25.72,88,58,1.13,SB,1720759250
417,port moresby,-9.4431,147.1797,26.33,76,65,8.25,PG,1720759250
418,hutchinson,38.0608,-97.9298,27.07,78,0,4.12,US,1720759184
419,xiva,41.3783,60.3639,27.99,19,89,6.65,UZ,1720759250
420,yatou,37.15,122.3833,28.34,54,30,3.84,CN,1720759250
421,pinhao,-25.6956,-51.6597,10.28,99,100,0.29,BR,1720759250
422,diu,20.7141,70.9822,29.29,78,100,8.58,IN,1720759251
423,walvis bay,-22.9575,14.5053,11.16,100,0,3.09,NA,1720759251
424,nova vicosa,-17.8919,-39.3719,22.1,89,0,2.68,BR,1720759251
425,extrema,-22.8547,-46.3183,15.56,76,53,1.27,BR,1720759251
426,tamanrasset,22.785,5.5228,26.95,12,0,2.06,DZ,1720759251
427,zunyi,27.6867,106.9072,28.96,71,100,3.61,CN,1720759251
428,barra de santo antonio,-9.4047,-35.5072,23.6,82,11,6.05,BR,1720759251
429,severobaykal'sk,55.65,109.3167,18.74,65,42,2.62,RU,1720759251
430,ibirama,-27.0569,-49.5178,14.06,100,100,0.65,BR,1720759251
431,pacific grove,36.6177,-121.9166,16.68,89,0,0.45,US,1720759252
432,kidal,18.4411,1.4078,30.57,49,69,6.15,ML,1720759252
433,howard springs,-12.497,131.047,31.66,42,83,1.6,AU,1720759252
434,nagornyy,52.7959,83.5498,24.32,67,75,0.94,RU,1720759252
435,childress,34.4264,-100.204,29.14,39,0,4.63,US,1720759252
436,zag,46.9441,99.165,20.77,29,47,4.12,MN,1720759252
437,ocean shores,46.9737,-124.1563,14.14,90,0,5.14,US,1720759252
438,lalibela,12.0333,39.0333,16.75,72,88,0.45,ET,1720759253
439,prineville,44.2999,-120.8345,26.06,25,0,2.06,US,1720759253
440,martapura,-3.4167,114.85,31.33,53,67,2.93,ID,1720759253
441,nogliki,51.8333,143.1667,14.02,85,100,3.04,RU,1720759253
442,mawu,34.4307,104.9176,22.95,49,98,4.52,CN,1720759253
443,oban,56.4127,-5.4706,10.21,87,59,1.73,GB,1720759253
444,nizhniy kuranakh,58.8353,125.4869,26.93,37,37,2.7,RU,1720759253
445,plouzane,48.3833,-4.6167,13.1,88,100,5.14,FR,1720759253
446,qingyuan,23.7,113.0333,30.99,61,100,2.47,CN,1720759254
447,jasper,37.2001,-94.3502,25.95,72,42,3.62,US,1720759254
448,nueve de julio,-35.4444,-60.8831,0.54,76,2,0.45,AR,1720759254
449,tobol'sk,58.2,68.2667,25.67,57,73,0.95,RU,1720759254
450,burang,30.25,81.1667,13.54,56,71,3.37,CN,1720759254
451,hirara,24.8,125.2833,33.15,75,75,7.2,JP,1720759254
452,tan-tan,28.438,-11.1032,19.2,93,55,3.56,MA,1720759254
453,neryungri,56.6709,124.6491,26.34,36,27,1.72,RU,1720759254
454,cova figueira,14.8905,-24.2934,18.04,83,12,1.26,CV,1720759255
455,chui,-33.6971,-53.4616,3.32,91,5,2.56,UY,1720759255
456,itoman,26.1247,127.6694,33.01,75,75,7.2,JP,1720759255
457,slave lake,55.2834,-114.769,18.99,42,0,4.63,CA,1720759255
458,nuuk,64.1835,-51.7216,1.34,100,100,2.06,GL,1720759255
459,hell-ville,-13.4,48.2667,17.93,60,20,1.03,MG,1720759255
460,francistown,-21.17,27.5079,10.71,15,0,2.18,BW,1720759256
461,diego de almagro,-26.3667,-70.05,5.22,62,0,0.82,CL,1720759256
462,hovd,48.0056,91.6419,20.79,35,12,3.85,MN,1720759256
463,xichang,27.8964,102.2634,22.92,88,100,1.07,CN,1720759256
464,talcahuano,-36.7167,-73.1167,3.82,93,0,3.09,CL,1720759256
465,kodiak,57.79,-152.4072,10.73,100,100,2.06,US,1720759256
466,toliara,-23.35,43.6667,19.6,48,0,2.97,MG,1720759256
467,bangassou,4.7413,22.8184,20.6,97,100,0.23,CF,1720759256
468,palikir - national government center,6.9248,158.1611,30.47,66,100,7.72,FM,1720759256
469,el playon,7.4713,-73.2031,25.15,85,100,2.64,CO,1720759257
470,chibougamau,49.9168,-74.3659,14.79,77,0,1.54,CA,1720759257
471,kalmunai,7.4167,81.8167,32.15,55,79,2.4,LK,1720759257
472,pimentel,-6.8367,-79.9342,18.16,82,100,7.2,PE,1720759257
473,camana,-16.6228,-72.7111,14.44,83,75,3.9,PE,1720759257
474,lingig,8.0389,126.4125,26.79,86,99,1.19,PH,1720759257
475,ceelbuur,4.685,46.6176,25.72,68,100,9.18,SO,1720759257
476,lodja,-3.4833,23.4333,20.11,60,36,0.72,CD,1720759257
477,conchas,-23.0153,-48.0106,16.6,97,93,4.15,BR,1720759258
478,ha'il,27.5219,41.6907,34.01,18,0,2.06,SA,1720759258
479,aral,40.5156,81.2636,30.39,24,84,4.08,CN,1720759258
480,volksrust,-27.3654,29.8818,3.51,22,0,2.43,ZA,1720759258
481,punta del este,-34.9667,-54.95,2.2,93,0,0.51,UY,1720759258
482,sullivan,36.5168,-82.5332,21.52,79,20,0.45,US,1720759258
483,dellys,36.9172,3.9131,25.2,51,0,1.75,DZ,1720759258
484,bardai,11.65,7.2333,21.24,90,70,3.78,NG,1720759258
485,beyneu,45.3167,55.2,31.05,32,0,8.63,KZ,1720759259
486,zabol,32.25,67.25,29.01,12,0,0.81,AF,1720759259
487,fort st. john,56.2499,-120.8529,14.94,58,75,6.17,CA,1720759253
488,naze,28.3667,129.4833,29.51,76,100,6.42,JP,1720759259
489,amursk,50.2261,136.8994,13.7,78,100,4.78,RU,1720759259
490,alice town,25.7167,-79.3,28.77,60,100,2.49,BS,1720759259
491,es castell,39.8795,4.2854,23.38,100,20,1.54,ES,1720759259
492,ballina,-28.8667,153.5667,23.21,58,65,2.02,AU,1720759259
493,baiyin,36.5583,104.2081,27.79,33,100,2.3,CN,1720759259
494,archangelos,36.2149,28.1149,26.28,58,0,1.02,GR,1720759260
495,al hazm,16.1641,44.7769,31.34,31,84,3.35,YE,1720759260
496,tambo grande,-4.9269,-80.3447,19.01,75,69,3.18,PE,1720759260
497,vadso,70.0744,29.7487,14.49,94,75,1.54,NO,1720759260
498,el calafate,-50.3408,-72.2768,3.86,68,60,3.23,AR,1720759260
499,rafaela,-31.2503,-61.4867,0.56,66,0,1.26,AR,1720759260
500,gunjur,13.2019,-16.7339,26.04,89,40,2.06,GM,1720759260
501,casper,42.8666,-106.3131,26.59,24,57,4.92,US,1720759136
502,muynoq,43.7683,59.0214,30.14,34,6,9.04,UZ,1720759260
503,ketchikan,55.3422,-131.6461,14.26,82,100,3.6,US,1720759110
504,samus',56.7475,84.6992,23.89,45,11,1.86,RU,1720759261
505,sharan,54.8167,54.0,16.44,77,32,9.03,RU,1720759261
506,las lajitas,-24.6833,-64.25,4.56,57,0,1.95,AR,1720759261
507,labytnangi,66.6572,66.4183,14.71,65,100,3.96,RU,1720759261
508,loudun,47.0079,0.083,14.46,94,100,3.93,FR,1720759261
509,etawah,26.7769,79.0239,36.45,47,100,5.75,IN,1720759261
510,kloulklubed,7.0419,134.2556,29.28,82,89,4.17,PW,1720759261
511,beau vallon,-20.4189,57.6953,24.01,68,20,6.17,MU,1720759261
512,taguatinga,-12.3857,-46.5711,23.82,37,8,5.66,BR,1720759262
513,macapa,0.0389,-51.0664,28.99,79,75,5.14,BR,1720759262
514,heunghae,36.1125,129.3522,26.54,76,23,3.05,KR,1720759262
515,quitilipi,-26.8691,-60.2168,3.85,72,1,2.25,AR,1720759262
516,obligado,-27.0333,-55.6333,4.2,98,15,1.12,PY,1720759262
517,rafsanjan,30.4067,55.9939,34.42,25,11,3.98,IR,1720759262
518,polignano a mare,40.9959,17.2159,26.73,61,0,1.31,IT,1720759262
519,pontes e lacerda,-15.2261,-59.3353,22.52,56,86,2.93,BR,1720759262
520,alaghsas,17.0187,8.0168,26.0,55,83,2.41,NE,1720759263
521,nadi,-17.8,177.4167,26.0,57,75,4.12,FJ,1720759263
522,obo,5.3998,26.4869,20.38,96,47,0.37,CF,1720759263
523,tinghir,31.5157,-5.5343,27.76,12,0,3.04,MA,1720759263
524,ciudad lazaro cardenas,17.9583,-102.2,24.6,82,100,1.9,MX,1720759263
525,popondetta,-8.7537,148.2534,30.2,60,75,1.73,PG,1720759263
526,taroudant,30.4703,-8.877,29.74,17,0,1.83,MA,1720759263
527,fernie,49.5,-115.0687,27.05,40,0,1.94,CA,1720759264
528,yuzhno-kurilsk,44.0306,145.8556,16.79,87,85,4.11,RU,1720759264
529,barcelos,41.5388,-8.6151,18.8,98,37,1.06,PT,1720759264
530,bikenibeu village,1.3673,173.1241,26.98,94,100,1.03,KI,1720759264
531,kourou,5.1552,-52.6478,25.03,92,68,2.7,GF,1720759264
532,manokwari,-0.8667,134.0833,27.45,75,100,3.4,ID,1720759264
533,vernon,50.2581,-119.2691,27.2,33,1,0.51,CA,1720759265
534,biasca,46.3597,8.9697,21.95,93,99,1.38,CH,1720759265
535,masallatah,32.6167,14.0,23.92,68,0,1.59,LY,1720759265
536,nizhniye sergi,56.6614,59.3033,12.74,98,100,4.33,RU,1720759265
537,al jawf,29.5,38.75,30.92,24,22,7.28,SA,1720759265
538,sovetskaya gavan',48.9723,140.2878,12.53,95,100,3.11,RU,1720759265
539,conde,-7.2597,-34.9075,21.7,100,75,1.54,BR,1720759265
540,sao jose da coroa grande,-8.8978,-35.1478,24.02,86,13,5.6,BR,1720759265
541,benjamin aceval,-24.9667,-57.5667,8.11,97,0,1.91,PY,1720759265
542,catriel,-37.8791,-67.7956,3.27,56,0,4.21,AR,1720759266
543,xilin hot,43.9667,116.0333,31.36,31,8,3.38,CN,1720759266
544,kuusamo,65.9667,29.1833,14.02,94,100,6.17,FI,1720759266
545,shache,38.4167,77.2406,30.7,26,51,0.63,CN,1720759266
546,ilanskiy,56.2358,96.065,19.78,67,100,2.9,RU,1720759266
547,fortaleza,-3.7227,-38.5247,27.07,78,75,6.69,BR,1720759266
548,micheweni,-4.9667,39.8333,24.56,86,89,5.2,TZ,1720759266
549,assab,13.0092,42.7394,32.2,62,98,2.97,ER,1720759266
550,fale old settlement,-9.3852,-171.2468,28.43,76,19,5.68,TK,1720759267
551,manaure,11.7751,-72.4445,27.72,77,95,4.92,CO,1720759267
552,villa bruzual,9.3328,-69.1208,22.6,97,84,1.25,VE,1720759267
553,belle fourche,44.6714,-103.8522,26.71,36,3,2.65,US,1720759267
554,arteche,12.2645,125.4048,29.73,71,100,2.35,PH,1720759267
555,novaya ladoga,60.1025,32.3019,19.97,68,97,5.76,RU,1720759267
556,kiunga,-6.1219,141.2906,25.6,86,100,0.91,PG,1720759267
557,kayyerkan,69.3786,87.7439,19.28,62,46,2.12,RU,1720759267
558,turkmenbasy,40.0222,52.9552,29.43,45,0,5.14,TM,1720759268
559,maceio,-9.6658,-35.7353,23.69,88,75,0.51,BR,1720759268
560,agat village,13.3886,144.6585,32.52,71,20,6.17,GU,1720759268
561,arno,60.1167,18.6333,15.99,87,100,3.2,SE,1720759268
562,ugoofaaru,5.6667,73.0,28.3,77,72,5.94,MV,1720759268
563,meadow lake,34.8014,-106.5436,25.45,40,53,1.04,US,1720759268
564,itapetinga,-15.2489,-40.2478,15.76,96,0,0.86,BR,1720759268
565,ain oussera,35.4514,2.9058,26.0,36,1,1.05,DZ,1720759268
566,cooper's town,26.8667,-77.5167,28.0,68,100,5.85,BS,1720759268
567,trakai,54.6333,24.9333,20.19,95,100,1.14,LT,1720759269
568,teguise,29.0605,-13.564,19.12,88,0,11.32,ES,1720759269
569,kupino,54.3663,77.2981,25.28,59,30,2.59,RU,1720759269
570,illizi,26.4833,8.4667,27.89,17,0,4.1,DZ,1720759269
571,general conesa,-40.1,-64.4333,3.61,47,0,4.64,AR,1720759269
